"In parts (a) through (d) below, for each polynomial function f(x) , the graph of f(x) is shown. Based on this information, state the numbers of linear and quadratic factors the factored form of its equation should have and how many real and complex (non-real) solutions f(x)=0 might have. (Assume a polynomial function of the lowest possible degree for each one.)",PARSE_ERROR,ERROR,ERROR,max retries exceeded,ERROR,max retries exceeded,ERROR,max retries exceeded
"a. 5 real solutions b. 3 real and 2 complex c. 4complex d. 4complex and 2 real e. For parts (a) through (d), what is the lowest degree each function could have?",NA,CONFIRMED,NA,"This paragraph presents multiple choice options and asks for the lowest degree each function could have, without any mention of errors or incorrect work.",NA,"The paragraph presents a problem set asking about the number of real and complex solutions for polynomials and their minimal degree. It does not reference any student errors, conflicting methods, or explicit error detection tasks. The content is standard and does not involve error-focused pedagogy.",NA,"The paragraph asks about numbers of solutions and lowest degree, without showing any incorrect work, named students, or warnings about common mistakes; it is standard content."
"| Fireworks for the annual Fourth of July show are launched straight up from a steel platform. The launch of the entire show is computer controlled. The height of a particular firework in meters off ground level is given by h=-4.9t? +49t+11.27 , where time, f, is in seconds. a. What was the height of the platform? What is the maximum height the firework reached? How many seconds until it hit the ground? Rewrite the equation in factored form. Why might factored form of the equation be useful?",NA,MAJORITY,ERROR,max retries exceeded,NA,"The paragraph presents a standard problem set asking students to analyze a quadratic equation modeling a firework's height. It does not include any error-focused elements like incorrect student work, conflicting methods, explicit error detection tasks, or warnings about common mistakes.",NA,"The paragraph presents a standard problem with multiple questions and does not involve student errors, error detection, or warnings."
"(CPM) - Math enthusiasts around the nation have entered a new puzzle craze involving the multiplication of polynomials. The goal of the game, which enthusiasts have named Polydoku, is to fill in squares so that the multiplication of two polynomials will be completed.",PARSE_ERROR,ERROR,ERROR,max retries exceeded,ERROR,max retries exceeded,ERROR,max retries exceeded
or the x-intercepts of the graph. But what happens when you do not have the factored form and you need to find all of the roots? You will investigate the answer to this question in this lesson.,NA,MAJORITY,NA,"This paragraph introduces a problem and sets up an investigation, but does not involve error pedagogy, shown student work, or warnings about common mistakes.",ERROR,max retries exceeded,NA,"The paragraph merely introduces a topic about finding roots without factored form and does not ask the reader to detect, correct, or compare errors, nor does it warn about common mistakes."
"Andre remembers that he learned how to multiply binomials and other polynomials using area models. He figures that since division is the inverse (or undo) operation for multiplication, he should be able to reverse the multiplication process to divide. As he thinks about that idea, he comes across the following news article.",NA,MAJORITY,ERROR,max retries exceeded,NA,"The paragraph describes Andre's thought process about using area models for multiplication and division but does not present any specific error to detect, compare conflicting methods, or warn about common mistakes. It sets up a scenario without error-focused pedagogy.",NA,"The paragraph only introduces Andre's thinking about division and mentions a news article; it does not ask the reader to find or correct an error, compare students, or warn about common mistakes."
"Work with your team to complete the puzzle at right. Find the factors and the product for the puzzle. If you get stuck, you can consult parts (a) through (c) below for ideas. a. How is cell B2 related to the answer?",NA,MAJORITY,ERROR,max retries exceeded,NA,"The paragraph describes a collaborative puzzle activity where students find factors and products. It does not present any incorrect work, compare different methods, or warn about common errors. The question in part (a) is a standard problem-solving prompt without error-focused elements.",NA,The paragraph asks students to work together on a puzzle and consider a hint; it does not involve identifying or correcting errors.
b. How did you find the third term in the answer? What cells did you use to get the value in cell B5?,PARSE_ERROR,ERROR,ERROR,max retries exceeded,ERROR,max retries exceeded,ERROR,max retries exceeded
"| Unfortunately, Jessica made a mistake when she copied the problem. The constant term of the original polynomial was supposed to have the value + 18 (not + 10). She does not want to start all over again to solve the puzzle. a. Jessica realizes that she would now have 8 remaining from the original expression. What is the significance of this 8?",PARSE_ERROR,ERROR,ERROR,max retries exceeded,ERROR,max retries exceeded,ERROR,max retries exceeded
"_ 3x2 —4x+2 , remainder 8. 2x+5 2x+5 Gina thinks that there is a way to write the answer without using the word “remainder.” Discuss this with your team and find another way to write the result. Be prepared to share your results and your reasoning with the",NA,MAJORITY,NA,"The paragraph asks students to discuss and find an alternative way to express a result, but does not explicitly show incorrect work, compare different methods, or warn about common mistakes.",NA,"The paragraph presents a problem-solving task where students are asked to find an alternative way to express a division result without using the word 'remainder.' It does not involve error detection, correction, or comparison of incorrect methods. The focus is on exploring mathematical representations rather than identifying or fixing errors.",ERROR,max retries exceeded
| Now work with your team to help Andre solve his original problem (problem 8-113). Find all of the roots (exact zeros) of the polynomial.,NA,MAJORITY,ERROR,max retries exceeded,NA,"The paragraph instructs students to solve a problem by finding polynomial roots but does not present any incorrect work, compare conflicting methods, or highlight common errors. It is a standard problem-solving task without error-focused pedagogy.",NA,"The paragraph asks students to work together to solve a problem for Andre, but no error is presented or warned about."
"The examples below show two methods for dividing x* —6x3+18x—-1 by x-—2. In both cases, the remainder is written",PARSE_ERROR,ERROR,ERROR,max retries exceeded,ERROR,max retries exceeded,ERROR,max retries exceeded
"Carlos is always playing games with his graphing calculator, but now his calculator has contracted a virus. The [TRACE], , and functions on his calculator are not working. He needs to solve x3 +5x* —16x—14=0, so he graphs y=x>+5x?—16x—14 and sees the graph at right in the standard window. From the graph, what appears to be an integer solution to the equation? Check your answer from part (a) in the equation.",NA,MAJORITY,ERROR,max retries exceeded,NA,"The paragraph describes Carlos using a graphing calculator to solve an equation by graphing and identifying an integer solution. There is no mention of a student's incorrect work, conflicting methods, explicit error detection, or common errors. The task is a standard problem-solving activity without error-focused pedagogy.",NA,"The paragraph presents a scenario and asks the reader to identify a solution from a graph, without showing or correcting any error, warning about common mistakes, or comparing student work."
f. |The “other factor” leads to two other solutions to the equation. Find these two new solutions and give all three solutions to the original equation.,NA,MAJORITY,ERROR,max retries exceeded,NA,"The paragraph is a standard problem asking students to find solutions based on a given factor. It does not involve error detection, correction, comparison of methods, or warnings about common mistakes.",NA,"The paragraph simply asks students to find additional solutions to an equation, without referencing errors, student work, or common mistakes."
Which of the following binomials could be a factor of x? - 9x? Explain your reasoning.,NA,MAJORITY,NA,"This paragraph asks the reader to explain their reasoning for a factor, but does not provide any incorrect work or explicitly mention errors, and is instead a standard problem that requires the application of knowledge.",ERROR,max retries exceeded,NA,"The paragraph asks a standard question about factoring and does not involve any error identification, correction, comparison, or warning about common mistakes."
This problem is a checkpoint for solving and graphing inequalities.,PARSE_ERROR,ERROR,ERROR,max retries exceeded,ERROR,max retries exceeded,ERROR,max retries exceeded
Check your answers by referring to the Checkpoint 8A materials located at the back of your book.,NA,MAJORITY,NA,"This paragraph is providing general study guidance and does not involve error pedagogy, as it is simply directing students to review materials for checking their answers.",ERROR,400 Client Error: Bad Request for url: https://api.groq.com/openai/v1/chat/completions,NA,"The sentence only directs students to verify answers using checkpoint materials; it does not involve error detection, correction, or warnings."
"You already know several methods for solving quadratic equations, such as factoring, completing the square, and using the Quadratic Formula. Mathematicians have developed formulas for solving third- and fourth-degree polynomial equations, but these formulas are far more complicated and messy than the Quadratic Formula is, and they are rarely used. Furthermore, for polynomials of degree greater than four, there is no single formula to use. For many polynomials, you can develop more useful methods than a formula based on what you already know.",NA,MAJORITY,ERROR,max retries exceeded,NA,"The paragraph discusses methods for solving polynomial equations and mentions the complexity of higher-degree formulas. It does not present errors, compare student approaches, or warn about common mistakes.",NA,"The paragraph only provides informational content about solving polynomials and does not ask the reader to find or correct errors, compare student work, or warn about common mistakes."
"Given the polynomial P(x) = x4 — x? —5x* +3x+6, list all of the possible linear factors (x +a) of the polynomial. Use only integer values for a. a. Could x—5 be included on your list of possible linear factors? Not all of the possibilities will actually be factors. Use your graphing calculator to decide which of the factors you listed",PARSE_ERROR,ERROR,ERROR,max retries exceeded,ERROR,max retries exceeded,ERROR,max retries exceeded
"As a team, look back over the work you did to find the linear factors of P(x) and make a list of steps you can use to find all of the zeros of a given polynomial. Then record your ideas in your Learning Log. Use diagrams, arrows, and other math tools to help demonstrate your ideas. Title this entry “Factors and Roots of Polynomial Functions” and label it with today’s date.",NA,MAJORITY,ERROR,max retries exceeded,NA,"The paragraph instructs students to summarize their process for finding polynomial zeros and document it in their Learning Log. It emphasizes reflection and organization of their methods but does not involve identifying or correcting errors, comparing conflicting approaches, or highlighting common mistakes. There is no error-focused pedagogy present.",NA,"The paragraph asks students to reflect on their prior work and record steps, with no mention of errors, mistakes, or correcting anyone's work."
Your teacher will assign your team one of the following polynomial functions. Use the list of steps your team developed to factor the polynomial and find all of its roots. Then prepare a poster in which you illustrate and justify each of your steps. Be sure to include the graph on your poster and clearly explain the relationship between the solutions of the equation and the x-intercepts.,NA,MAJORITY,NA,"This paragraph provides instructions for a team assignment and does not involve identifying or correcting errors, nor does it compare different approaches or warn about common mistakes.",ERROR,max retries exceeded,NA,"The paragraph gives a standard assignment instruction without any mention of errors, mistakes, or comparing student work."
a. A third-degree polynomial function. A fourth-degree polynomial function. A fifth-degree polynomial function.,PARSE_ERROR,ERROR,ERROR,max retries exceeded,ERROR,max retries exceeded,ERROR,max retries exceeded
"2 Factor Theorem: If a is a zero of the polynomial p(x) , then (x—a) is a factor of the polynomial, and if (x- a) is a factor of the polynomial, then a is a zero of the polynomial.",NA,MAJORITY,ERROR,max retries exceeded,NA,"The paragraph presents the Factor Theorem as a mathematical definition/property without referencing errors, student work, or comparisons. It is standard content explaining a concept.",NA,"The paragraph states a mathematical theorem without mentioning errors, students, or correction tasks."
"Example: -3,2,and 1+ iv7 are zeros of the polynomial p(x) = x4 —x3+20x-48. According to the Factor Theorem, (x+3), | (x-2), (x-(+ iV7)), and (x-(— iV7)) are factors of the polynomial.",PARSE_ERROR,ERROR,ERROR,max retries exceeded,ERROR,max retries exceeded,ERROR,max retries exceeded
"Note that the total of n roots might include roots that occur multiple times. For example, the third degree polynomial p(x) =x? —3x* +4 has three roots — a root at —1 and a double root at 2. The three linear factors are (x +1), (x-—2), and (x-2).",PARSE_ERROR,ERROR,ERROR,max retries exceeded,ERROR,max retries exceeded,ERROR,max retries exceeded
"Integral Zero Theorem: For any polynomial with integral coefficients, if an integer is a zero of the polynomial, it must be a factor of the constant term.",NA,MAJORITY,ERROR,max retries exceeded,NA,"The paragraph presents a mathematical theorem without any reference to errors, student work, or contrasting methods. It is a standard definition and does not involve error-focused pedagogy.",NA,"The paragraph states a mathematical theorem without referencing student errors, mistakes, or comparative student work."
"Example: Suppose the integers a, b,c, and d are zeros of a polynomial. Then, according to the Factor Theorem, (x — a)(x — b)(x-—.c)(x-—d) are factors of the polynomial. When you multiply these factors together, the constant term will be abcd ,so a, b,c, and d are factors of the constant term.",NA,MAJORITY,ERROR,max retries exceeded,NA,"The paragraph provides a standard explanation of the Factor Theorem and its implications for polynomial zeros. It does not present incorrect student work, compare conflicting approaches, explicitly detect errors, or warn about common mistakes. It is purely instructional content.",NA,"The paragraph simply explains a concept using the Factor Theorem without asking the reader to detect or correct errors, nor warning about common mistakes."
"Carlo was trying to factor the polynomial as ime Me ge ie ; Ho p(x) = x"" —4x° —4x° +24x-9 to find all of its Lott C1 roots. He had already found one factor by making —- : LI a guess and dividing the polynomial, so he had Sapeaaalt am p(x) = (x— 3)(x3 — x? —7x+3). He was trying to aeeewet! He factor x? — x* —7x+3, so he had tried dividing it by (x+3), (x+1), and (x-1), but none worked Co ‘meh without a remainder. Then Teo came by and said, F----4 HHH “You should look at the graph.”",PARSE_ERROR,ERROR,ERROR,max retries exceeded,ERROR,max retries exceeded,ERROR,max retries exceeded
"Spud has done it again. He’s lost another polynomial function. This one was a cubic, written in standard form. He knows that there were two complex zeros, —2+5i and one real zero,—1. What could his original function have been?",PARSE_ERROR,ERROR,ERROR,max retries exceeded,ERROR,max retries exceeded,ERROR,max retries exceeded
b. Use the Remainder Theorem to find one factor of x? — 6x” +7x+2. (See the Math Notes box in Lesson 8.3.2 above.) c. Use (b) to find another factor. What are all the solutions of x? -—6x?,PARSE_ERROR,ERROR,ERROR,max retries exceeded,ERROR,max retries exceeded,ERROR,max retries exceeded
Rewrite each of the following division problems as a single complex number. Nn oe hee oy ~ Py Ke a. Nn | w =|,NA,MAJORITY,NA,"The paragraph does not mention any errors, corrections, or comparisons, and it does not ask the reader to identify or fix a mistake. It appears to be a standard instruction for a mathematical exercise.",ERROR,max retries exceeded,NA,"The paragraph simply gives a standard instruction to rewrite division problems as complex numbers, with no mention of errors, student work, or warnings."
Megan is an industrial engineer for Bowler Cola Company. She takes a random sample of cola cans from the production line each day to determine if the product meets various specifications. One of the measurements she records is the mass (in grams) of the filled cans. The following sorted data are from of a sample of 30 regular and diet cola cans. Note: The data is sorted so it is easy to work with without a statistical calculator.,NA,MAJORITY,ERROR,max retries exceeded,NA,"The paragraph describes a scenario involving data collection and analysis without mentioning any errors, conflicting methods, or common mistakes. It sets up a context for statistical analysis but does not engage in error-focused pedagogy.",NA,"The paragraph only provides a scenario and data description without asking to find or correct errors, compare student work, or warn about common mistakes."
Sketch a graph of each of the following trigonometric functions. Cc... y=5Scos(x + 4) d. y=cos(2(x- 4)),NA,MAJORITY,ERROR,max retries exceeded,NA,"The paragraph presents standard graphing problems for trigonometric functions without any error-focused pedagogy elements. It does not reference student errors, comparisons, or common mistakes.",NA,"The paragraph asks students to sketch graphs of given functions, with no mention of errors, mistakes, or comparison of student work."
"For each equation, find two solutions 0 < x < 2 , which make the equation true. No calculator should be necessary.",NA,MAJORITY,ERROR,max retries exceeded,NA,"The paragraph is a standard problem set asking students to solve equations within a specific interval. There is no mention of errors, incorrect work, comparisons between methods, or common mistakes.",NA,"The paragraph simply asks students to solve equations within a range, with no mention of errors, student work, or error detection."
"For homework, Londa was asked to simplify the expression Net e7 Sue got the answer 7, but when she checked, she learned that the correct answer was —7. a. Show Londa the steps she could take to get —7. b. What steps do you think Londa took to get 7 as a result? | What does she need to consider to avoid making this mistake in the future? Londa’s example means that it is not always true that Ja - Jb = Jab for real numbers a and b. What restriction needs to be placed on the numbers a and b?",PARSE_ERROR,ERROR,ERROR,max retries exceeded,ERROR,max retries exceeded,ERROR,max retries exceeded
An equation that matches your graph. Your conclusions and observations.,PARSE_ERROR,ERROR,ERROR,max retries exceeded,ERROR,max retries exceeded,ERROR,max retries exceeded
"In this lesson, you will have the opportunity to use the equation and graph of a polynomial function to solve a problem involving a game at the County Fair.",NA,MAJORITY,ERROR,max retries exceeded,NA,"The paragraph introduces a problem-solving scenario involving a polynomial function and a County Fair game. It does not reference any errors, incorrect student work, conflicting methods, or common mistakes. It serves as a standard problem setup.",NA,The paragraph only describes a learning activity and does not involve identifying or correcting errors.
"The tank will be rectangular, open at the top, and will be made by cutting squares out of each corner of an 8.5-meter by 11-meter sheet of translucent miracle material that can be bent into shape. The owner of the company thinks that she will make the greatest profit if the tank has maximum volume. She has hired your team to figure out the exact dimensions of the tank that creates the maximum value.",NA,MAJORITY,NA,"This paragraph presents a problem to be solved, but does not involve error pedagogy, as it does not ask the reader to identify or correct an error, nor does it warn about common mistakes or present conflicting solutions.",ERROR,max retries exceeded,NA,"The paragraph presents a standard optimization problem without any mention of errors, student work, or warnings about common mistakes."
Your Task: Your team will write a report of your findings to the Carnival Company that includes each of the following elements. Any data or conjectures your team made based on experimental paper tanks. A diagram of the tank with the dimensions clearly labeled with appropriate variables. ; e A graph of the volume function that you found with notes on a reasonable domain and range.,PARSE_ERROR,ERROR,ERROR,max retries exceeded,ERROR,400 Client Error: Bad Request for url: https://api.groq.com/openai/v1/chat/completions,ERROR,max retries exceeded
