a. What are the roots of the function? (Factoring will help!),ERROR,max retries exceeded,ERROR,max retries exceeded,NA,"The paragraph simply asks for the roots of a function and hints to use factoring, with no mention of errors, mistakes, or student work."
| Make rough sketches of the graphs of each of the following polynomial functions. Be sure to label the x- and y- intercepts. a. y=x(2x+5)(2x-7) b.,ERROR,max retries exceeded,ERROR,max retries exceeded,NA,"The paragraph asks students to sketch graphs and label intercepts, with no mention of errors, corrections, or comparisons."
You are given the equation 5x* +bx+20=0. For what values of b does this equation have real solutions?,ERROR,max retries exceeded,ERROR,max retries exceeded,NA,"The paragraph asks a standard parameter question about real solutions and contains no student work, error detection, or warning about common mistakes."
8-112. Consider the functions y= Find the coordinates where the graphs of the functions intersect.,ERROR,max retries exceeded,NA,"The paragraph is a standard problem asking students to find intersection points of functions. There is no mention of errors, incorrect work, comparisons between methods, or common mistakes. It is a typical problem set without error-focused pedagogy.",ERROR,max retries exceeded
"The game shown at right, for example, represents the i 5 : multiplication of (3x — 2)(2x° — x? + 3x-1) = 6x* — 7x +11ix* —9x+2.",ERROR,max retries exceeded,NA,"The paragraph presents an example of polynomial multiplication without any indication of errors, incorrect student work, or comparisons. It simply states the problem and solution, which is standard textbook content.",ERROR,max retries exceeded
"Andre needs to find the exact roots of the function f(x) = x3+2x? When he uses his graphing calculator, he can see that one of the x-intercepts is 2, but there are two other intercepts that he cannot identify exactly.",ERROR,max retries exceeded,NA,"The paragraph describes Andre's difficulty in identifying exact roots of a function using a graphing calculator but does not present any error to detect, correct, or compare. It sets up a problem-solving scenario without error-focused pedagogy.",ERROR,max retries exceeded
"Most of the squares are blank at the start of the game. While the beginner level provides the factors (in the gray squares), some of the factors are missing in the more advanced levels.",ERROR,max retries exceeded,ERROR,max retries exceeded,NA,"The paragraph describes game mechanics and does not ask the reader to detect, correct, or compare errors."
Jessica is about to start the intermediate- level Polydoku puzzle shown at right. Show Jessica how to complete the puzzle. Make sure you can justify your solution.,ERROR,max retries exceeded,ERROR,max retries exceeded,NA,"The paragraph mentions a named student but does not present any of her work or an error to find or correct; it simply asks the reader to solve the puzzle, which is standard instruction."
"sure how to fill in some of the squares. Help him by answering parts (a) and (b) below about the Polydoku puzzle in the news article he read (found in problem 8-113), then complete part (c). a. Explain how the term 2x? in cell C3 of the news article was generated. What values were combined to get —7x? in the news article answer?",ERROR,max retries exceeded,ERROR,max retries exceeded,NA,"The paragraph asks for an explanation of how terms were generated, without presenting a student's error, conflict, or warning about common mistakes."
| Create your own Polydoku puzzles that can be used to solve each of the polynomial-division problems below. Express any remainders as fractions and use your results to write a multiplication and a division statement like those in problem 8-117.,ERROR,max retries exceeded,ERROR,max retries exceeded,NA,"The paragraph gives a task to create puzzles and solve problems, with no mention of errors, mistakes, or comparing student work."
"Since x=-7 is a solution to the equation, what is the factor associated with this solution?",ERROR,max retries exceeded,ERROR,max retries exceeded,NA,"The paragraph asks a standard question about factoring given a known solution, without referencing any error, student work, or common mistake."
"| Now Carlos needs to solve 2x? —8x+3=0, but his calculator will still only create a standard graph. He sees that the graph of y= 2x? + 3x? -8x+3 crosses the x-axis at x =1. Find all three solutions to the equation.",ERROR,max retries exceeded,ERROR,max retries exceeded,NA,The paragraph mentions a student but does not present his incorrect work nor ask to locate or correct an error; it simply asks for solutions.
"Without actually multiplying, decide which of the following polynomials could be the product of (x — 2)(x+3)(x—5). al x? —4x* -11x-—5 b. 2x2-—4x? -11x+ 30 c. x?—4x?-11x+30 d. POx —45— 11x +5",ERROR,max retries exceeded,NA,"The paragraph presents a standard problem asking students to identify the correct polynomial product from given options. It does not involve error-focused pedagogy such as correcting a student's mistake, comparing conflicting answers, or highlighting common errors.",ERROR,max retries exceeded
"Nowdivide x>-9x?+19x+5 by the factor that you chose in the preceding problem. If it is a factor, use it and the resulting factor to find all the zeros of the polynomial. If it is not a factor, reconsider your answer to the preceding problem and try a different factor.",ERROR,max retries exceeded,ERROR,max retries exceeded,NA,"The paragraph gives a procedural instruction to test a factor and find zeros, without presenting a student's error, comparison, or warning about common mistakes."
Consider the equation 5x* — 7x-6=0 as you answer the questions in parts (a) through (d) below. a. What are the factors of 5x* -7x-6? What are the solutions to the equation? c. Explain the relationship between the factors of the polynomial expression and the solutions to the equation. How are the solutions to the equation related to the lead coefficient and constant term in the original polynomial?,ERROR,max retries exceeded,ERROR,max retries exceeded,NA,"The paragraph asks students to factor an equation, find solutions, and explain relationships; it contains no error-focused prompts, named students, or warnings about common mistakes."
Lh 2.6 Ses) 4.2 4.4 el 5.6 6.4 8.0 8.9 on 10.1 i fe 13.5 ewl| 16.3 ie 21.4 22.0 bbe 36.5,ERROR,max retries exceeded,ERROR,max retries exceeded,NA,"The paragraph is a list of numbers and symbols with no instructional prompt, error identification, or named students; it does not involve error-focused pedagogy."
"a. Create a combination boxplot and histogram. Use an interval of 0 to 42 pounds on the x-axis and a bin width of 6 pounds. Describe the center, shape, spread and outliers. What is a better measure of center for this distribution the mean or median and why? What is a better measure of spread the standard deviation or IQR and why? The city can sell the compost, and engineers estimate the program will be profitable if each home averages at least 9 pounds of material. The city manager sees the mean is nearly 10 pounds and is ready to order dumpsters for every residence. What advice would you give him?",ERROR,max retries exceeded,NA,"The paragraph presents a standard statistical analysis task without any mention of errors, incorrect student work, or conflicting approaches. It asks for data visualization, description of distribution features, and decision-making based on statistical measures, which are typical textbook exercises.",ERROR,max retries exceeded
Graph the inequality in part (a) and the system of inequalities in part (b).,ERROR,max retries exceeded,NA,"The paragraph is a standard problem set instructing students to graph inequalities without any mention of errors, comparisons, or common mistakes.",ERROR,max retries exceeded
"If you needed help solving these problems correctly, then you need more practice. Review the Checkpoint 8A materials and try the practice problems. Also, consider getting help outside of class time. From this point on, you will be expected to do problems like these quickly and easily.",ERROR,max retries exceeded,ERROR,max retries exceeded,NA,"The paragraph gives study advice and expectations, without presenting errors, student work, or warnings about common mistakes."
"By combining what you know about graphing, factoring, polynomial division, and solving quadratic equations, you will be able to find the roots of the higher- degree polynomial functions in this lesson.",ERROR,max retries exceeded,ERROR,max retries exceeded,NA,The paragraph is a general instructional statement about using prior knowledge; it does not involve identifying or correcting errors.
Your Task: Find all of the zeros of the polynomial below and then write the polynomial in factored form with factors of degree 2 or 1.,ERROR,max retries exceeded,NA,"The paragraph is a standard problem set asking students to find zeros and factor a polynomial. There is no mention of errors, incorrect work, comparisons between methods, or common mistakes. It is typical textbook content without error-focused pedagogy.",ERROR,max retries exceeded
"Now that you have shortened the list of possibilities, which factors on the shortened list really are factors of P(x)? d. Ifyou have not already, divide the polynomial by one of the factors from part (c) and write the polynomial as a product of a linear and a cubic factor. e. Now divide the cubic factor from part (d) by the other linear factor that worked, and write the original polynomial as a product of two linear factors and one quadratic factor. f. | From the factored form, you can find all of the solutions to x4 —x3—5x*+3x+6=0 and the exact x-intercepts for the graph of P(x).",ERROR,max retries exceeded,NA,"The paragraph provides step-by-step instructions for factoring a polynomial and finding its solutions. It does not reference any errors, incorrect student work, comparisons between methods, or common mistakes. The content is standard procedural guidance without error-focused pedagogy.",ERROR,max retries exceeded
Make additions and/or adjustments to your Learning Log entry from problem 8-131 to reflect what you leaned from the posters that you and your classmates presented for problem 8-132.,ERROR,max retries exceeded,NA,"The paragraph instructs students to update their Learning Log based on new insights from class presentations, which is standard reflective practice. There is no mention of errors, incorrect work, or comparisons between methods.",ERROR,max retries exceeded
Use the procedures you developed to factor each of the following polynomial expressions. Each final answer should be a linear factor times a quadratic factor. Look for patterns in the factors.,ERROR,max retries exceeded,ERROR,max retries exceeded,NA,"The paragraph gives a standard instruction to factor polynomials and suggests looking for patterns; it does not involve error detection, correction, or warnings about common mistakes."
a shortcut for factoring cubic polynomials that are described as the sum or difference of two cubes. Write the factors for each polynomial expression below.,ERROR,max retries exceeded,NA,"The paragraph introduces a standard problem set about factoring cubic polynomials using the sum/difference of cubes formula. It does not involve error detection, correction, comparison of student work, or warnings about common mistakes.",ERROR,max retries exceeded
"For each of the following descriptions of polynomial functions with integral coefficients, answer each question below. | What are the possible numbers of real zeros? ii. How many complex zeros are possible? For each number of possible real zeros, give an example of a polynomial in factored form.",ERROR,max retries exceeded,NA,"The paragraph is a standard problem set asking students to analyze polynomial functions and provide examples. It does not involve identifying errors in student work, comparing methods, or warning about common mistakes.",ERROR,max retries exceeded
"that a polynomial of degree n with (real or) complex coefficients has exactly n roots, which may be real or complex. This also means that the polynomial has n linear factors since for every root a, (x — a) is a linear factor. For example, the fourth degree polynomial in the example above has four roots and four linear",NA,"This paragraph provides a general explanation of polynomial roots and factors without mentioning any errors or incorrect work, so it fits into the standard textbook content category.",ERROR,400 Client Error: Bad Request for url: https://api.groq.com/openai/v1/chat/completions,ERROR,max retries exceeded
"Remainder Theorem: For any number c, when a polynomial p(x) is divided by (x—c), the remainder is p(c). For example, if the polynomial p(x) = x4 —x?+20x-48 is divided by (x—5), the remainder is p(5)=552.",ERROR,max retries exceeded,ERROR,max retries exceeded,NA,"The paragraph only states a theorem and gives a straightforward example, without asking the reader to detect or correct an error, compare students, or warn about common mistakes."
"Note that it follows from the Remainder Theorem that if p(c)=0, then (x—c) isa factor. For example, if p(x) =x? -—3x?+4, one solution to x7>-3x2+4=0 is—1. Since p(-1)=0, then (x +1) is a factor.",ERROR,max retries exceeded,ERROR,max retries exceeded,NA,"The paragraph explains a theorem and gives an example without showing a student error, warning, or comparison. It is standard instructional content."
"| Spud has a problem. He knows that the solutions for a quadratic equation are x=3+4i and x=3-4i, but in order to get credit for the problem he was supposed to have written down the original equation. Unfortunately, he lost the paper with the original equation on it. Luckily, his friends are full of advice. a. Alexia says, “Just remember when we made polynomials. If you wanted 7 and 4 to be the answers, you used (x —7)(x — 4). So you just do x minus the Jirst one times x minus the other.” Use (x—(3+ 4i))(x—(3-41))",ERROR,max retries exceeded,NA,"The paragraph explains a correct method for forming a quadratic equation from its complex roots, using Alexia's suggestion. There is no mention of errors, incorrect work, or comparisons between conflicting approaches. It provides standard instructional content without error-focused pedagogy.",ERROR,max retries exceeded
"b. Hugo says, “No, no, no. You can do it that way, but that’s too complicated. I think you just start with x = 3 +4i and work backward. So x —3=4i, then, hmmm... Whose method do you think Spud should use?",COMPARE_AND_CONTRAST,"This paragraph presents a situation where Hugo is disagreeing with another unnamed method, suggesting an alternative approach and asking the reader to evaluate which method is better for Spud to use.",ERROR,max retries exceeded,ERROR,max retries exceeded
"“Well, it’s a fraction. Can’t we multiply the numerator and denominator by the same number?” a. Natalio was not very clear in his explanation. Show Ricki what he meant they should do. Using Natalio’s ideas you probably still came up with a fraction in part (a), but the denominator should be a whole number. To write a complex number such as “ in the form a+ bi, just use the distributive property to rewrite the result as + £ i. Rewrite your result for part (a) in this form.",ERROR,max retries exceeded,NA,"The paragraph describes Natalio's method and instructs Ricki to apply it, but does not present an error to correct, compare conflicting approaches, or highlight a common mistake. The task is standard problem-solving without error-focused elements.",ERROR,max retries exceeded
Use the method developed in problem 8-140 to do the following division problems.,ERROR,max retries exceeded,NA,"The paragraph instructs students to use a previously developed method for division problems. It does not present any errors, compare different approaches, or warn about common mistakes. This is standard procedural guidance.",ERROR,max retries exceeded
Find the inverse of g(x) = (x + 1)* —3 with the domain x >-1. Sketch both graphs and state the domain and range of the inverse function.,ERROR,max retries exceeded,ERROR,max retries exceeded,NA,"The paragraph asks for a standard task (find inverse, sketch, state domain/range) with no mention of errors, mistakes, or student work."
Sketch the graph of each polynomial function below and find all of the zeros.,ERROR,max retries exceeded,NA,"The paragraph is a standard problem set instruction asking students to sketch graphs and find zeros of polynomial functions. It does not involve error detection, correction, comparison of methods, or warnings about common mistakes.",ERROR,max retries exceeded
"a. Find the five number summary (minimum, third quartile, median, first quartile, maximum) for each soda. Make a combination histogram and boxplot for each type of soda. Include the five number summary. Use an interval of 348 to 384 grams on the x-axis and a bin width of 4 grams. c. Describe the center, shape, spread, and any outliers, of each histogram.",ERROR,max retries exceeded,ERROR,max retries exceeded,NA,The paragraph gives standard data analysis instructions without any error-focused prompts or warnings.
e. Each can is marked as containing 12 fluid ounces. Twelve ounces is about 341 grams. Why is there so much variation from 341 grams in the samples?,ERROR,max retries exceeded,NA,"The paragraph asks about variation in sample weights but does not present a specific error to correct, compare conflicting methods, or warn about common mistakes. It is a standard statistical analysis question.",ERROR,max retries exceeded
Sketch both the circle x? + y* = 25 and the parabola y= a. How many points of intersection are there? Find the coordinates of these points algebraically.,ERROR,max retries exceeded,ERROR,max retries exceeded,NA,"The paragraph asks students to sketch curves and find intersection points algebraically, with no mention of errors, mistakes, or named students."
"a. Use the graph to find one solution to p(x)=0 , then use the Remainder Theorem to find a factor of p(x). Read about the Remainder Theorem in the Math Notes box in this lesson. Determine all the real and complex factors of p(x).",ERROR,max retries exceeded,ERROR,max retries exceeded,NA,"The paragraph gives a standard problem-solving instruction using the graph and Remainder Theorem, with no mention of errors, mistakes, or student work."
Rewrite each of the following division problems as a single complex number in simplest form.,ERROR,max retries exceeded,ERROR,max retries exceeded,NA,"The paragraph is a standard instruction to rewrite division problems as complex numbers, with no error-focused prompts, warnings, or student work."
"to save the money for college, so you put it an account that pays 8% interest compounded annually. How many years will it take until your account is worth $25,000?",ERROR,max retries exceeded,NA,"The paragraph presents a standard financial calculation problem without any mention of errors, conflicting student approaches, or common mistakes. It simply asks for a calculation based on compound interest.",ERROR,max retries exceeded
"The graphs of y=log,(x—1) and y=x*— 4x intersect at two points: (2,0) and approximately (1.1187, -3.075). Use that information to solve log,(x-l) =x? -4x.",NA,"This paragraph provides information about the intersection points of two graphs and asks the reader to solve an equation using that information, but it does not involve identifying or correcting errors, comparing different approaches, or warning about common mistakes.",ERROR,max retries exceeded,ERROR,max retries exceeded
Solve each equation below for x. a. 1234x+23456 = 987654 bik + Bs 5,ERROR,max retries exceeded,NA,"The paragraph presents a standard problem set asking students to solve an equation for x. There is no mention of errors, common mistakes, or conflicting methods. The text does not include error-focused pedagogy elements.",ERROR,max retries exceeded
Use your knowledge of the unit circle to explain why the graphs of y= sin@ and y =cos(6— +) are the same.,ERROR,max retries exceeded,ERROR,max retries exceeded,NA,"The paragraph asks for an explanation using the unit circle, with no mention of errors, student work, or comparisons."
"The Mathamericaland Carnival Company wants to create a new game. It will consist of a tank filled with Ping-Pong balls of different colors. People will pay for the opportunity to crawl around in the tank blindfolded for 60 seconds, while they collect Ping-Pong balls. Most of the Ping-Pong balls will be white, but there will be a few of different colors. The players will win $100 for each red, $200 for each blue, and $500 for each green Ping-Pong ball they carry out of the tank.",ERROR,max retries exceeded,NA,"The paragraph describes a carnival game scenario involving Ping-Pong balls and prizes. It does not involve error detection, correction, comparison of student work, or warnings about common mistakes. It is standard contextual setup for a problem.",ERROR,max retries exceeded
